y,u,v,w_imag
-1.000000000000000000e+00,0.000000000000000000e+00,0.000000000000000000e+00,0.000000000000000000e+00
-9.975000000000000533e-01,2.851141562787169910e-03,-1.107224640247127392e-05,-5.677107900429466045e-03
-9.949999999999999956e-01,5.702325555900441406e-03,-4.416965171409857762e-05,-1.130830709021352770e-02
-9.925000000000000488e-01,8.553593107603349802e-03,-9.911371810879594953e-05,-1.689376954148751400e-02
-9.899999999999999911e-01,1.140498393677546150e-02,-1.757266163494034450e-04,-2.243366655290813388e-02
-9.875000000000000444e-01,1.425653636499615677e-02,-2.738311831701665221e-04,-2.792816875359403761e-02
-9.849999999999999867e-01,1.710828732856599713e-02,-3.932509186776706020e-04,-3.337744610706670084e-02
-9.825000000000000400e-01,1.996027239046293741e-02,-5.338099837644576977e-04,-3.878166791518766754e-02
-9.799999999999999822e-01,2.281252575223658222e-02,-6.953331975406455354e-04,-4.414100282209711817e-02
-9.775000000000000355e-01,2.566508026583802157e-02,-8.776460347786645870e-04,-4.945561881814937444e-02
-9.749999999999999778e-01,2.851796744538853332e-02,-1.080574623374215906e-03,-5.472568324385041622e-02
-9.725000000000000311e-01,3.137121747888349521e-02,-1.303945741822456908e-03,-5.995136279378963928e-02
-9.699999999999999734e-01,3.422485923983693834e-02,-1.547586816710057539e-03,-6.513282352057539470e-02
-9.675000000000000266e-01,3.707892029886153407e-02,-1.811325920221483563e-03,-7.027023083876376974e-02
-9.649999999999999689e-01,3.993342693518954489e-02,-2.094991767661768828e-03,-7.536374952878943656e-02
-9.625000000000000222e-01,4.278840414813064180e-02,-2.398413714993271467e-03,-8.041354374089097756e-02
-9.599999999999999645e-01,4.564387566847075139e-02,-2.721421756389182968e-03,-8.541977699903618992e-02
-9.575000000000000178e-01,4.849986396980836278e-02,-3.063846521801050563e-03,-9.038261220484226921e-02
-9.549999999999999600e-01,5.135639027983312371e-02,-3.425519274542443166e-03,-9.530221164149524360e-02
-9.525000000000000133e-01,5.421347459154234744e-02,-3.806271908887343385e-03,-1.001787369776639680e-01
-9.499999999999999556e-01,5.707113567439969087e-02,-4.205936947683980298e-03,-1.050123492714120921e-01
-9.475000000000000089e-01,5.992939108543379745e-02,-4.624347539984217936e-03,-1.098032089741057260e-01
-9.449999999999999512e-01,6.278825718027858382e-02,-5.061337458687054439e-03,-1.145514759343172206e-01
-9.425000000000000044e-01,6.564774912415440034e-02,-5.516741098199069021e-03,-1.192573094017243401e-01
-9.399999999999999467e-01,6.850788090279189002e-02,-5.990393472108626605e-03,-1.239208680310060345e-01
-9.375000000000000000e-01,7.136866533329710993e-02,-6.482130210875030121e-03,-1.285423098857321755e-01
-9.350000000000000533e-01,7.423011407495962166e-02,-6.991787559534823164e-03,-1.331217924422501420e-01
-9.324999999999999956e-01,7.709223764000347479e-02,-7.519202375420880151e-03,-1.376594725935651187e-01
-9.299999999999999378e-01,7.995504540428018114e-02,-8.064212125898020597e-03,-1.421555066532151079e-01
-9.274999999999999911e-01,8.281854561790619185e-02,-8.626654886112727558e-03,-1.466100503591410420e-01
-9.250000000000000444e-01,8.568274541584411375e-02,-9.206369336759629568e-03,-1.510232588775517193e-01
-9.224999999999999867e-01,8.854765082842698531e-02,-9.803194761860764897e-03,-1.553952868067816906e-01
-9.200000000000000400e-01,9.141326679182722181e-02,-1.041697104656132307e-02,-1.597262881811433444e-01
-9.174999999999999822e-01,9.427959715847046562e-02,-1.104753867494048802e-02,-1.640164164747739683e-01
-9.150000000000000355e-01,9.714664470739395319e-02,-1.169473872783633600e-02,-1.682658246054739570e-01
-9.124999999999999778e-01,1.000144111545505504e-01,-1.235841288068595736e-02,-1.724746649385417996e-01
-9.100000000000000311e-01,1.028828971630570688e-01,-1.303840340138137828e-02,-1.766430892905982430e-01
-9.074999999999999734e-01,1.057521023533901927e-01,-1.373455314813924223e-02,-1.807712489334071526e-01
-9.050000000000000266e-01,1.086220253135266739e-01,-1.444670556738571199e-02,-1.848592945976860469e-01
-9.024999999999999689e-01,1.114926636090311785e-01,-1.517470469165660071e-02,-1.889073764769119701e-01
-9.000000000000000222e-01,1.143640137930896916e-01,-1.591839513751169138e-02,-1.929156442311181219e-01
-8.974999999999999645e-01,1.172360714164912693e-01,-1.667762210346445881e-02,-1.968842469906827430e-01
-8.950000000000000178e-01,1.201088310375551527e-01,-1.745223136792574056e-02,-2.008133333601110071e-01
-8.924999999999999600e-01,1.229822862320070626e-01,-1.824206928716332748e-02,-2.047030514218083908e-01
-8.900000000000000133e-01,1.258564296028023832e-01,-1.904698279327459234e-02,-2.085535487398455512e-01
-8.874999999999999556e-01,1.287312527898976378e-01,-1.986681939217584819e-02,-2.123649723637156816e-01
-8.850000000000000089e-01,1.316067464799699771e-01,-2.070142716160379426e-02,-2.161374688320813753e-01
-8.824999999999999512e-01,1.344829004160862651e-01,-2.155065474913412521e-02,-2.198711841765157160e-01
-8.800000000000000044e-01,1.373597034073193168e-01,-2.241435137021265817e-02,-2.235662639252311845e-01
-8.774999999999999467e-01,1.402371433383154398e-01,-2.329236680620217284e-02,-2.272228531068025414e-01
-8.750000000000000000e-01,1.431152071788092672e-01,-2.418455140244352500e-02,-2.308410962538784139e-01
-8.725000000000000533e-01,1.459938809930902415e-01,-2.509075606633047115e-02,-2.344211374068839726e-01
-8.699999999999999956e-01,1.488731499494176658e-01,-2.601083226539975188e-02,-2.379631201177155597e-01
-8.674999999999999378e-01,1.517529983293863793e-01,-2.694463202543577116e-02,-2.414671874534228824e-01
-8.649999999999999911e-01,1.546334095372431383e-01,-2.789200792858785236e-02,-2.449334819998842117e-01
-8.625000000000000444e-01,1.575143661091538416e-01,-2.885281311150426561e-02,-2.483621458654703684e-01
-8.599999999999999867e-01,1.603958497224214907e-01,-2.982690126347854395e-02,-2.517533206846980787e-01
-8.574999999999999289e-01,1.632778412046552718e-01,-3.081412662461130783e-02,-2.551071476218742529e-01
-8.549999999999999822e-01,1.661603205428915930e-01,-3.181434398398463870e-02,-2.584237673747288300e-01
-8.525000000000000355e-01,1.690432668926667159e-01,-3.282740867785296363e-02,-2.617033201780388785e-01
-8.499999999999999778e-01,1.719266585870422581e-01,-3.385317658784550710e-02,-2.649459458072404017e-01
-8.475000000000000311e-01,1.748104731455803473e-01,-3.489150413918492427e-02,-2.681517835820284024e-01
-8.449999999999999734e-01,1.776946872832754210e-01,-3.594224829891860123e-02,-2.713209723699504528e-01
-8.425000000000000266e-01,1.805792769194347613e-01,-3.700526657416407933e-02,-2.744536505899833334e-01
-8.399999999999999689e-01,1.834642171865155380e-01,-3.808041701036908588e-02,-2.775499562161042322e-01
-8.375000000000000222e-01,1.863494824389118065e-01,-3.916755818958485291e-02,-2.806100267808460669e-01
-8.349999999999999645e-01,1.892350462616985973e-01,-4.026654922875343851e-02,-2.836339993788444258e-01
-8.325000000000000178e-01,1.921208814793265440e-01,-4.137724977800858600e-02,-2.866220106703717962e-01
-8.299999999999999600e-01,1.950069601642729356e-01,-4.249952001899102300e-02,-2.895741968848602466e-01
-8.275000000000000133e-01,1.978932536456454450e-01,-4.363322066317663200e-02,-2.924906938244123955e-01
-8.249999999999999556e-01,2.007797325177416714e-01,-4.477821295021892217e-02,-2.953716368673012238e-01
-8.225000000000000089e-01,2.036663666485618307e-01,-4.593435864630440735e-02,-2.982171609714564520e-01
-8.200000000000000622e-01,2.065531251882784802e-01,-4.710152004252259050e-02,-3.010274006779407041e-01
-8.175000000000000044e-01,2.094399765776595312e-01,-4.827955995324835492e-02,-3.038024901144127377e-01
-8.149999999999999467e-01,2.123268885564478237e-01,-4.946834171453856621e-02,-3.065425629985763512e-01
-8.125000000000000000e-01,2.152138281716958756e-01,-5.066772918254139335e-02,-3.092477526416210765e-01
-8.100000000000000533e-01,2.181007617860571401e-01,-5.187758673192029157e-02,-3.119181919516472723e-01
-8.074999999999999956e-01,2.209876550860326028e-01,-5.309777925428987161e-02,-3.145540134370790053e-01
-8.049999999999999378e-01,2.238744730901742197e-01,-5.432817215666535526e-02,-3.171553492100660510e-01
-8.024999999999999911e-01,2.267611801572447239e-01,-5.556863135992618635e-02,-3.197223309898698518e-01
-8.000000000000000444e-01,2.296477399943347986e-01,-5.681902329729188184e-02,-3.222550901062404827e-01
-7.974999999999999867e-01,2.325341156649368413e-01,-5.807921491281105297e-02,-3.247537575027784063e-01
-7.949999999999999289e-01,2.354202695969750403e-01,-5.934907365986433897e-02,-3.272184637402819618e-01
-7.924999999999999822e-01,2.383061635907946230e-01,-6.062846749967871346e-02,-3.296493390000853618e-01
-7.900000000000000355e-01,2.411917588271084434e-01,-6.191726489985690390e-02,-3.320465130873803683e-01
-7.874999999999999778e-01,2.440770158749004937e-01,-6.321533483291805200e-02,-3.344101154345262561e-01
-7.850000000000000311e-01,2.469618946992872821e-01,-6.452254677485154410e-02,-3.367402751043441222e-01
-7.824999999999999734e-01,2.498463546693403259e-01,-6.583877070368458762e-02,-3.390371207934019804e-01
-7.800000000000000266e-01,2.527303545658632911e-01,-6.716387709806141693e-02,-3.413007808352817030e-01
-7.774999999999999689e-01,2.556138525891310520e-01,-6.849773693583569023e-02,-3.435313832038355275e-01
-7.750000000000000222e-01,2.584968063665853966e-01,-6.984022169267570246e-02,-3.457290555164262424e-01
-7.724999999999999645e-01,2.613791729604924563e-01,-7.119120334068190781e-02,-3.478939250371572145e-01
-7.700000000000000178e-01,2.642609088755560331e-01,-7.255055434701701556e-02,-3.500261186800843749e-01
-7.674999999999999600e-01,2.671419700664942609e-01,-7.391814767254875629e-02,-3.521257630124166038e-01
-7.650000000000000133e-01,2.700223119455727461e-01,-7.529385677050473569e-02,-3.541929842577023479e-01
-7.624999999999999556e-01,2.729018893901007936e-01,-7.667755558514062486e-02,-3.562279082990010837e-01
-7.600000000000000089e-01,2.757806567498846673e-01,-7.806911855041896720e-02,-3.582306606820411798e-01
-7.575000000000000622e-01,2.786585678546434908e-01,-7.946842058870207115e-02,-3.602013666183634388e-01
-7.550000000000000044e-01,2.815355760213851255e-01,-8.087533710945614407e-02,-3.621401509884506487e-01
-7.524999999999999467e-01,2.844116340617423022e-01,-8.228974400796708333e-02,-3.640471383448413145e-01
-7.500000000000000000e-01,2.872866942892699504e-01,-8.371151766407015915e-02,-3.659224529152316774e-01
-7.475000000000000533e-01,2.901607085267045583e-01,-8.514053494088981433e-02,-3.677662186055612459e-01
-7.449999999999999956e-01,2.930336281131835641e-01,-8.657667318359267561e-02,-3.695785590030833401e-01
-7.424999999999999378e-01,2.959054039114267787e-01,-8.801981021815181994e-02,-3.713595973794238114e-01
-7.399999999999999911e-01,2.987759863148796713e-01,-8.946982435012333645e-02,-3.731094566936217216e-01
-7.375000000000000444e-01,3.016453252548191299e-01,-9.092659436343479562e-02,-3.748282595951575868e-01
-7.349999999999999867e-01,3.045133702074201421e-01,-9.238999951918494546e-02,-3.765161284269659681e-01
-7.324999999999999289e-01,3.073800702007851160e-01,-9.385991955445553703e-02,-3.781731852284344053e-01
-7.299999999999999822e-01,3.102453738219357882e-01,-9.533623468113465449e-02,-3.797995517383847552e-01
-7.275000000000000355e-01,3.131092292237687702e-01,-9.681882558475181366e-02,-3.813953493980435927e-01
-7.249999999999999778e-01,3.159715841319727936e-01,-9.830757342332460680e-02,-3.829606993539941828e-01
-7.224999999999999201e-01,3.188323858519079845e-01,-9.980235982621601942e-02,-3.844957224611149083e-01
-7.199999999999999734e-01,3.216915812754508330e-01,-1.013030668930045425e-01,-3.860005392855026529e-01
-7.175000000000000266e-01,3.245491168878005817e-01,-1.028095771923644430e-01,-3.874752701073814753e-01
-7.149999999999999689e-01,3.274049387742503092e-01,-1.043217737609586498e-01,-3.889200349239945731e-01
-7.124999999999999112e-01,3.302589926269202669e-01,-1.058395401023403820e-01,-3.903349534524839792e-01
-7.099999999999999645e-01,3.331112237514571306e-01,-1.073627601858692243e-01,-3.917201451327514961e-01
-7.075000000000000178e-01,3.359615770736956164e-01,-1.088913184456362648e-01,-3.930757291303065837e-01
-7.050000000000000711e-01,3.388099971462851800e-01,-1.104250997794002653e-01,-3.944018243390987610e-01
-7.025000000000000133e-01,3.416564281552803561e-01,-1.119639895475359470e-01,-3.956985493843351298e-01
-6.999999999999999556e-01,3.445008139266969027e-01,-1.135078735719921156e-01,-3.969660226252796908e-01
-6.975000000000000089e-01,3.473430979330311419e-01,-1.150566381352612216e-01,-3.982043621580416137e-01
-6.950000000000000622e-01,3.501832232997459382e-01,-1.166101699793600649e-01,-3.994136858183448546e-01
-6.925000000000000044e-01,3.530211328117202618e-01,-1.181683563048203933e-01,-4.005941111842835634e-01
-6.899999999999999467e-01,3.558567689196642791e-01,-1.197310847696911318e-01,-4.017457555790615586e-01
-6.875000000000000000e-01,3.586900737465004152e-01,-1.212982434885498673e-01,-4.028687360737164824e-01
-6.850000000000000533e-01,3.615209890937096104e-01,-1.228697210315270599e-01,-4.039631694898290215e-01
-6.824999999999999956e-01,3.643494564476434938e-01,-1.244454064233389834e-01,-4.050291724022153650e-01
-6.799999999999999378e-01,3.671754169858019168e-01,-1.260251891423312121e-01,-4.060668611416052287e-01
-6.774999999999999911e-01,3.699988115830761815e-01,-1.276089591195339878e-01,-4.070763517973025047e-01
-6.750000000000000444e-01,3.728195808179607940e-01,-1.291966067377260663e-01,-4.080577602198334763e-01
-6.724999999999999867e-01,3.756376649787284139e-01,-1.307880228305104142e-01,-4.090112020235753265e-01
-6.699999999999999289e-01,3.784530040695729403e-01,-1.323830986813986643e-01,-4.099367925893724895e-01
-6.674999999999999822e-01,3.812655378167189579e-01,-1.339817260229070328e-01,-4.108346470671349615e-01
-6.650000000000000355e-01,3.840752056744990983e-01,-1.355837970356616462e-01,-4.117048803784222888e-01
-6.624999999999999778e-01,3.868819468313957066e-01,-1.371892043475141931e-01,-4.125476072190106258e-01
-6.599999999999999201e-01,3.896857002160521999e-01,-1.387978410326666245e-01,-4.133629420614456373e-01
-6.574999999999999734e-01,3.924864045032497306e-01,-1.404096006108075945e-01,-4.141509991575778593e-01
-6.550000000000000266e-01,3.952839981198533192e-01,-1.420243770462570332e-01,-4.149118925410831826e-01
-6.524999999999999689e-01,3.980784192507236252e-01,-1.436420647471213785e-01,-4.156457360299678494e-01
-6.499999999999999112e-01,4.008696058445964661e-01,-1.452625585644578554e-01,-4.163526432290576285e-01
-6.474999999999999645e-01,4.036574956199322495e-01,-1.468857537914495248e-01,-4.170327275324691163e-01
-6.450000000000000178e-01,4.064420260707299337e-01,-1.485115461625890476e-01,-4.176861021260687701e-01
-6.425000000000000711e-01,4.092231344723136210e-01,-1.501398318528719966e-01,-4.183128799899131778e-01
-6.400000000000000133e-01,4.120007578870825693e-01,-1.517705074770002160e-01,-4.189131739006748401e-01
-6.374999999999999556e-01,4.147748331702317826e-01,-1.534034700885938129e-01,-4.194870964340514097e-01
-6.350000000000000089e-01,4.175452969754433474e-01,-1.550386171794135293e-01,-4.200347599671606091e-01
-6.325000000000000622e-01,4.203120857605416871e-01,-1.566758466785911630e-01,-4.205562766809165520e-01
-6.300000000000000044e-01,4.230751357931219481e-01,-1.583150569518707307e-01,-4.210517585623925196e-01
-6.274999999999999467e-01,4.258343831561440807e-01,-1.599561468008568466e-01,-4.215213174071675284e-01
-6.250000000000000000e-01,4.285897637534985538e-01,-1.615990154622743979e-01,-4.219650648216555777e-01
-6.225000000000000533e-01,4.313412133155399286e-01,-1.632435626072355206e-01,-4.223831122254212422e-01
-6.199999999999999956e-01,4.340886674045890681e-01,-1.648896883405166214e-01,-4.227755708534770007e-01
-6.174999999999999378e-01,4.368320614204059815e-01,-1.665372931998433670e-01,-4.231425517585677420e-01
-6.149999999999999911e-01,4.395713306056328595e-01,-1.681862781551857478e-01,-4.234841658134346765e-01
-6.125000000000000444e-01,4.423064100512040242e-01,-1.698365446080610519e-01,-4.238005237130694214e-01
-6.099999999999999867e-01,4.450372347017299557e-01,-1.714879943908453053e-01,-4.240917359769472150e-01
-6.074999999999999289e-01,4.477637393608461802e-01,-1.731405297660947862e-01,-4.243579129512460302e-01
-6.049999999999999822e-01,4.504858586965371225e-01,-1.747940534258746736e-01,-4.245991648110511441e-01
-6.025000000000000355e-01,4.532035272464266518e-01,-1.764484684910969658e-01,-4.248156015625417781e-01
-5.999999999999999778e-01,4.559166794230409270e-01,-1.781036785108668086e-01,-4.250073330451632492e-01
-5.974999999999999201e-01,4.586252495190412115e-01,-1.797595874618370670e-01,-4.251744689337816907e-01
-5.949999999999999734e-01,4.613291717124260449e-01,-1.814160997475715298e-01,-4.253171187408262832e-01
-5.925000000000000266e-01,4.640283800717061036e-01,-1.830731201979163281e-01,-4.254353918184117789e-01
-5.899999999999999689e-01,4.667228085610491406e-01,-1.847305540683796543e-01,-4.255293973604469260e-01
-5.874999999999999112e-01,4.694123910453947279e-01,-1.863883070395188080e-01,-4.255992444047280721e-01
-5.849999999999999645e-01,4.720970612955411871e-01,-1.880462852163372889e-01,-4.256450418350151144e-01
-5.825000000000000178e-01,4.747767529932043207e-01,-1.897043951276878582e-01,-4.256668983830939057e-01
-5.800000000000000711e-01,4.774513997360459450e-01,-1.913625437256853967e-01,-4.256649226308199530e-01
-5.775000000000000133e-01,4.801209350426739464e-01,-1.930206383851258423e-01,-4.256392230121495701e-01
-5.749999999999999556e-01,4.827852923576153032e-01,-1.946785869029142579e-01,-4.255899078151524351e-01
-5.725000000000000089e-01,4.854444050562589097e-01,-1.963362974975011999e-01,-4.255170851840117674e-01
-5.700000000000000622e-01,4.880982064497715878e-01,-1.979936788083252464e-01,-4.254208631210042446e-01
-5.675000000000000044e-01,4.907466297899856222e-01,-1.996506398952644090e-01,-4.253013494884694823e-01
-5.649999999999999467e-01,4.933896082742563194e-01,-2.013070902380946492e-01,-4.251586520107596967e-01
-5.625000000000000000e-01,4.960270750502957515e-01,-2.029629397359560272e-01,-4.249928782761756008e-01
-5.600000000000000533e-01,4.986589632209738610e-01,-2.046180987068272616e-01,-4.248041357388876449e-01
-5.574999999999999956e-01,5.012852058490956386e-01,-2.062724778870059783e-01,-4.245925317208383287e-01
-5.549999999999999378e-01,5.039057359621486043e-01,-2.079259884305977579e-01,-4.243581734136328554e-01
-5.524999999999999911e-01,5.065204865570239745e-01,-2.095785419090119006e-01,-4.241011678804123552e-01
-5.500000000000000444e-01,5.091293906047086315e-01,-2.112300503104649063e-01,-4.238216220577106785e-01
-5.474999999999999867e-01,5.117323810549524454e-01,-2.128804260394908943e-01,-4.235196427572975875e-01
-5.449999999999999289e-01,5.143293908409053428e-01,-2.145295819164586837e-01,-4.231953366680056838e-01
-5.424999999999999822e-01,5.169203528837303940e-01,-2.161774311770967294e-01,-4.228488103575421264e-01
-5.400000000000000355e-01,5.195052000971874806e-01,-2.178238874720250517e-01,-4.224801702742833620e-01
-5.374999999999999778e-01,5.220838653921913153e-01,-2.194688648662934671e-01,-4.220895227490583657e-01
-5.349999999999999201e-01,5.246562816813421515e-01,-2.211122778389274512e-01,-4.216769739969105646e-01
-5.324999999999999734e-01,5.272223818834291809e-01,-2.227540412824800253e-01,-4.212426301188514910e-01
-5.300000000000000266e-01,5.297820989279095061e-01,-2.243940705025915805e-01,-4.207865971035928965e-01
-5.274999999999999689e-01,5.323353657593584698e-01,-2.260322812175554474e-01,-4.203089808292673202e-01
-5.249999999999999112e-01,5.348821153418940044e-01,-2.276685895578903218e-01,-4.198098870651322256e-01
-5.224999999999999645e-01,5.374222806635745586e-01,-2.293029120659198783e-01,-4.192894214732590941e-01
-5.200000000000000178e-01,5.399557947407725988e-01,-2.309351656953579635e-01,-4.187476896102069190e-01
-5.175000000000000711e-01,5.424825906225192451e-01,-2.325652678109013383e-01,-4.181847969286819899e-01
-5.150000000000000133e-01,5.450026013948247039e-01,-2.341931361878280826e-01,-4.176008487791801893e-01
-5.124999999999999556e-01,5.475157601849718336e-01,-2.358186890116024947e-01,-4.169959504116163562e-01
-5.100000000000000089e-01,5.500220001657846192e-01,-2.374418448774865409e-01,-4.163702069769378844e-01
-5.075000000000000622e-01,5.525212545598698899e-01,-2.390625227901575778e-01,-4.157237235287232213e-01
-5.050000000000000044e-01,5.550134566438349459e-01,-2.406806421633323201e-01,-4.150566050247649907e-01
-5.024999999999999467e-01,5.574985397524775399e-01,-2.422961228193960259e-01,-4.143689563286395705e-01
-5.000000000000000000e-01,5.599764372829514336e-01,-2.439088849890393429e-01,-4.136608822112602946e-01
-4.974999999999999423e-01,5.624470826989081962e-01,-2.455188493109002057e-01,-4.129324873524162220e-01
-4.949999999999999956e-01,5.649104095346091370e-01,-2.471259368312109239e-01,-4.121838763422969176e-01
-4.924999999999999378e-01,5.673663513990174767e-01,-2.487300690034537631e-01,-4.114151536830018552e-01
-4.899999999999999911e-01,5.698148419798609865e-01,-2.503311676880190517e-01,-4.106264237900338898e-01
-4.875000000000000444e-01,5.722558150476719785e-01,-2.519291551518716421e-01,-4.098177909937809060e-01
-4.849999999999999867e-01,5.746892044598014282e-01,-2.535239540682226456e-01,-4.089893595409799243e-01
-4.825000000000000400e-01,5.771149441644085609e-01,-2.551154875162050528e-01,-4.081412335961686066e-01
-4.799999999999999822e-01,5.795329682044259023e-01,-2.567036789805572372e-01,-4.072735172431204975e-01
-4.775000000000000355e-01,5.819432107214960181e-01,-2.582884523513112041e-01,-4.063863144862678856e-01
-4.749999999999999778e-01,5.843456059598924890e-01,-2.598697319234859471e-01,-4.054797292521077900e-01
-4.725000000000000311e-01,5.867400882704039144e-01,-2.614474423967863559e-01,-4.045538653905954574e-01
-4.699999999999999734e-01,5.891265921142042616e-01,-2.630215088753090069e-01,-4.036088266765226473e-01
-4.675000000000000266e-01,5.915050520666931266e-01,-2.645918568672498972e-01,-4.026447168108812091e-01
-4.649999999999999689e-01,5.938754028213129033e-01,-2.661584122846214484e-01,-4.016616394222130570e-01
-4.625000000000000222e-01,5.962375791933414160e-01,-2.677211014429720093e-01,-4.006596980679462128e-01
-4.599999999999999645e-01,5.985915161236612381e-01,-2.692798510611118523e-01,-3.996389962357147496e-01
-4.575000000000000178e-01,6.009371486825036968e-01,-2.708345882608433342e-01,-3.985996373446673569e-01
-4.549999999999999600e-01,6.032744120731704518e-01,-2.723852405666971066e-01,-3.975417247467593063e-01
-4.525000000000000133e-01,6.056032416357282067e-01,-2.739317359056726575e-01,-3.964653617280315956e-01
-4.499999999999999556e-01,6.079235728506833247e-01,-2.754740026069842362e-01,-3.953706515098765473e-01
-4.475000000000000089e-01,6.102353413426290230e-01,-2.770119694018108869e-01,-3.942576972502880861e-01
-4.449999999999999512e-01,6.125384828838719153e-01,-2.785455654230526434e-01,-3.931266020450989718e-01
-4.425000000000000044e-01,6.148329333980316891e-01,-2.800747202050898887e-01,-3.919774689292041536e-01
-4.399999999999999467e-01,6.171186289636203526e-01,-2.815993636835499303e-01,-3.908104008777695260e-01
-4.375000000000000000e-01,6.193955058175943940e-01,-2.831194261950745195e-01,-3.896255008074295256e-01
-4.349999999999999423e-01,6.216635003588883990e-01,-2.846348384770955864e-01,-3.884228715774659113e-01
-4.324999999999999956e-01,6.239225491519191369e-01,-2.861455316676141392e-01,-3.872026159909788823e-01
-4.299999999999999378e-01,6.261725889300717718e-01,-2.876514373049828266e-01,-3.859648367960407667e-01
-4.274999999999999911e-01,6.284135565991588734e-01,-2.891524873276942187e-01,-3.847096366868367756e-01
-4.249999999999999334e-01,6.306453892408585560e-01,-2.906486140741736390e-01,-3.834371183047924903e-01
-4.224999999999999867e-01,6.328680241161283027e-01,-2.921397502825749948e-01,-3.821473842396897469e-01
-4.200000000000000400e-01,6.350813986685973633e-01,-2.936258290905821022e-01,-3.808405370307649807e-01
-4.174999999999999822e-01,6.372854505279331727e-01,-2.951067840352137872e-01,-3.795166791677990203e-01
-4.150000000000000355e-01,6.394801175131863413e-01,-2.965825490526337593e-01,-3.781759130921898415e-01
-4.124999999999999778e-01,6.416653376361157735e-01,-2.980530584779635950e-01,-3.768183411980141062e-01
-4.100000000000000311e-01,6.438410491044828099e-01,-2.995182470451009382e-01,-3.754440658330749359e-01
-4.074999999999999734e-01,6.460071903253347125e-01,-3.009780498865413101e-01,-3.740531892999368058e-01
-4.050000000000000266e-01,6.481636999082517336e-01,-3.024324025332026378e-01,-3.726458138569471723e-01
-4.024999999999999689e-01,6.503105166685831939e-01,-3.038812409142572779e-01,-3.712220417192450550e-01
-4.000000000000000222e-01,6.524475796306533626e-01,-3.053245013569633737e-01,-3.697819750597569621e-01
-3.974999999999999645e-01,6.545748280309496847e-01,-3.067621205865042056e-01,-3.683257160101801042e-01
-3.950000000000000178e-01,6.566922013212850295e-01,-3.081940357258275975e-01,-3.668533666619515077e-01
-3.924999999999999600e-01,6.587996391719395106e-01,-3.096201842954927619e-01,-3.653650290672065259e-01
-3.900000000000000133e-01,6.608970814747777700e-01,-3.110405042135177545e-01,-3.638608052397235837e-01
-3.874999999999999556e-01,6.629844683463496091e-01,-3.124549337952328143e-01,-3.623407971558545992e-01
-3.850000000000000089e-01,6.650617401309587562e-01,-3.138634117531353684e-01,-3.608051067554464697e-01
-3.824999999999999512e-01,6.671288374037200875e-01,-3.152658771967505325e-01,-3.592538359427466244e-01
-3.800000000000000044e-01,6.691857009735855399e-01,-3.166622696324936648e-01,-3.576870865872985861e-01
-3.774999999999999467e-01,6.712322718863564797e-01,-3.180525289635372510e-01,-3.561049605248227667e-01
-3.750000000000000000e-01,6.732684914276638732e-01,-3.194365954896800641e-01,-3.545075595580881589e-01
-3.724999999999999423e-01,6.752943011259383566e-01,-3.208144099072217093e-01,-3.528949854577679845e-01
-3.699999999999999956e-01,6.773096427553469967e-01,-3.221859133088381677e-01,-3.512673399632864069e-01
-3.674999999999999378e-01,6.793144583387171753e-01,-3.235510471834624480e-01,-3.496247247836508643e-01
-3.649999999999999911e-01,6.813086901504328274e-01,-3.249097534161669021e-01,-3.479672415982745792e-01
-3.624999999999999334e-01,6.832922807193120285e-01,-3.262619742880507601e-01,-3.462949920577840235e-01
-3.599999999999999867e-01,6.852651728314613777e-01,-3.276076524761274977e-01,-3.446080777848168353e-01
-3.575000000000000400e-01,6.872273095331090653e-01,-3.289467310532200317e-01,-3.429066003748078018e-01
-3.549999999999999822e-01,6.891786341334168453e-01,-3.302791534878541380e-01,-3.411906613967615187e-01
-3.525000000000000355e-01,6.911190902072701370e-01,-3.316048636441576991e-01,-3.394603623940147252e-01
-3.499999999999999778e-01,6.930486215980464770e-01,-3.329238057817624497e-01,-3.377158048849867589e-01
-3.475000000000000311e-01,6.949671724203612122e-01,-3.342359245557077196e-01,-3.359570903639168549e-01
-3.449999999999999734e-01,6.968746870627955392e-01,-3.355411650163487858e-01,-3.341843203015916752e-01
-3.425000000000000266e-01,6.987711101905993427e-01,-3.368394726092650004e-01,-3.323975961460622353e-01
-3.399999999999999689e-01,7.006563867483750485e-01,-3.381307931751747486e-01,-3.305970193233458421e-01
-3.375000000000000222e-01,7.025304619627370517e-01,-3.394150729498495167e-01,-3.287826912381198174e-01
-3.349999999999999645e-01,7.043932813449544916e-01,-3.406922585640329015e-01,-3.269547132744035634e-01
-3.325000000000000178e-01,7.062447906935703790e-01,-3.419622970433606746e-01,-3.251131867962278044e-01
-3.299999999999999600e-01,7.080849360969984074e-01,-3.432251358082849535e-01,-3.232582131482943377e-01
-3.275000000000000133e-01,7.099136639361006695e-01,-3.444807226739998729e-01,-3.213898936566238485e-01
-3.249999999999999556e-01,7.117309208867439452e-01,-3.457290058503700303e-01,-3.195083296291935659e-01
-3.225000000000000089e-01,7.135366539223343407e-01,-3.469699339418610973e-01,-3.176136223565627636e-01
-3.199999999999999512e-01,7.153308103163307230e-01,-3.482034559474739277e-01,-3.157058731124882112e-01
-3.175000000000000044e-01,7.171133376447386132e-01,-3.494295212606798873e-01,-3.137851831545293013e-01
-3.149999999999999467e-01,7.188841837885825425e-01,-3.506480796693585700e-01,-3.118516537246409648e-01
-3.125000000000000000e-01,7.206432969363572028e-01,-3.518590813557386787e-01,-3.099053860497577584e-01
-3.099999999999999423e-01,7.223906255864567250e-01,-3.530624768963404048e-01,-3.079464813423657410e-01
-3.074999999999999956e-01,7.241261185495864172e-01,-3.542582172619207492e-01,-3.059750408010650236e-01
-3.049999999999999378e-01,7.258497249511510763e-01,-3.554462538174190667e-01,-3.039911656111212168e-01
-3.024999999999999911e-01,7.275613942336225382e-01,-3.566265383219077711e-01,-3.019949569450069982e-01
-2.999999999999999334e-01,7.292610761588889101e-01,-3.577990229285432089e-01,-2.999865159629331313e-01
-2.974999999999999867e-01,7.309487208105810430e-01,-3.589636601845179742e-01,-2.979659438133691052e-01
-2.950000000000000400e-01,7.326242785963786863e-01,-3.601204030310170556e-01,-2.959333416335536704e-01
-2.924999999999999822e-01,7.342877002502977701e-01,-3.612692048031751479e-01,-2.938888105499963266e-01
-2.900000000000000355e-01,7.359389368349544824e-01,-3.624100192300349632e-01,-2.918324516789672085e-01
-2.874999999999999778e-01,7.375779397438123608e-01,-3.635428004345093167e-01,-2.897643661269776461e-01
-2.850000000000000311e-01,7.392046607034046257e-01,-3.646675029333431017e-01,-2.876846549912523421e-01
-2.824999999999999734e-01,7.408190517755407489e-01,-3.657840816370790393e-01,-2.855934193601887827e-01
-2.800000000000000266e-01,7.424210653594889298e-01,-3.668924918500226506e-01,-2.834907603138100973e-01
-2.774999999999999689e-01,7.440106541941411411e-01,-3.679926892702125030e-01,-2.813767789242059836e-01
-2.750000000000000222e-01,7.455877713601548606e-01,-3.690846299893882354e-01,-2.792515762559655834e-01
-2.724999999999999645e-01,7.471523702820790369e-01,-3.701682704929635248e-01,-2.771152533665999229e-01
-2.700000000000000178e-01,7.487044047304535210e-01,-3.712435676599985523e-01,-2.749679113069556369e-01
-2.674999999999999600e-01,7.502438288238947317e-01,-3.723104787631754120e-01,-2.728096511216187570e-01
-2.650000000000000133e-01,7.517705970311574504e-01,-3.733689614687735747e-01,-2.706405738493102286e-01
-2.624999999999999556e-01,7.532846641731768544e-01,-3.744189738366492382e-01,-2.684607805232706035e-01
-2.600000000000000089e-01,7.547859854250920097e-01,-3.754604743202128447e-01,-2.662703721716375149e-01
-2.574999999999999512e-01,7.562745163182484909e-01,-3.764934217664120952e-01,-2.640694498178130512e-01
-2.550000000000000044e-01,7.577502127421784639e-01,-3.775177754157118537e-01,-2.618581144808229122e-01
-2.524999999999999467e-01,7.592130309465680016e-01,-3.785334949020801587e-01,-2.596364671756650200e-01
-2.500000000000000000e-01,7.606629275431932014e-01,-3.795405402529712924e-01,-2.574046089136520776e-01
-2.474999999999999423e-01,7.620998595078499749e-01,-3.805388718893129574e-01,-2.551626407027429155e-01
-2.449999999999999956e-01,7.635237841822509752e-01,-3.815284506254937869e-01,-2.529106635478668985e-01
-2.424999999999999378e-01,7.649346592759111996e-01,-3.825092376693520202e-01,-2.506487784512385630e-01
-2.399999999999999911e-01,7.663324428680111655e-01,-3.834811946221657331e-01,-2.483770864126648714e-01
-2.374999999999999334e-01,7.677170934092394372e-01,-3.844442834786436780e-01,-2.460956884298433067e-01
-2.349999999999999867e-01,7.690885697236167218e-01,-3.853984666269180126e-01,-2.438046854986523626e-01
-2.324999999999999289e-01,7.704468310102993156e-01,-3.863437068485374160e-01,-2.415041786134327073e-01
-2.299999999999999822e-01,7.717918368453636768e-01,-3.872799673184618152e-01,-2.391942687672612144e-01
-2.275000000000000355e-01,7.731235471835690154e-01,-3.882072116050584443e-01,-2.368750569522171667e-01
-2.249999999999999778e-01,7.744419223601058944e-01,-3.891254036700976249e-01,-2.345466441596387452e-01
-2.225000000000000311e-01,7.757469230923176307e-01,-3.900345078687504907e-01,-2.322091313803740786e-01
-2.199999999999999734e-01,7.770385104814063748e-01,-3.909344889495884878e-01,-2.298626196050220227e-01
-2.175000000000000266e-01,7.783166460141216492e-01,-3.918253120545816537e-01,-2.275072098241671670e-01
-2.149999999999999689e-01,7.795812915644232399e-01,-3.927069427190997830e-01,-2.251430030286058481e-01
-2.125000000000000222e-01,7.808324093951314326e-01,-3.935793468719133159e-01,-2.227701002095654192e-01
-2.099999999999999645e-01,7.820699621595511575e-01,-3.944424908351956693e-01,-2.203886023589153587e-01
-2.075000000000000178e-01,7.832939129030825898e-01,-3.952963413245256241e-01,-2.179986104693716897e-01
-2.049999999999999600e-01,7.845042250648078808e-01,-3.961408654488922654e-01,-2.156002255346930740e-01
-2.025000000000000133e-01,7.857008624790607909e-01,-3.969760307106975916e-01,-2.131935485498712146e-01
-1.999999999999999556e-01,7.868837893769763392e-01,-3.978018050057630650e-01,-2.107786805113114614e-01
-1.975000000000000089e-01,7.880529703880203574e-01,-3.986181566233354956e-01,-2.083557224170100863e-01
-1.949999999999999512e-01,7.892083705415017247e-01,-3.994250542460920372e-01,-2.059247752667202336e-01
-1.925000000000000044e-01,7.903499552680625095e-01,-4.002224669501495136e-01,-2.034859400621149284e-01
-1.899999999999999467e-01,7.914776904011509018e-01,-4.010103642050703576e-01,-2.010393178069401487e-01
-1.875000000000000000e-01,7.925915421784738291e-01,-4.017887158738719933e-01,-1.985850095071633181e-01
-1.849999999999999423e-01,7.936914772434309207e-01,-4.025574922130357725e-01,-1.961231161711133042e-01
-1.824999999999999956e-01,7.947774626465284875e-01,-4.033166638725153019e-01,-1.936537388096157830e-01
-1.799999999999999378e-01,7.958494658467748506e-01,-4.040662018957483226e-01,-1.911769784361200264e-01
-1.774999999999999911e-01,7.969074547130570174e-01,-4.048060777196655913e-01,-1.886929360668209987e-01
-1.749999999999999334e-01,7.979513975254955982e-01,-4.055362631747019830e-01,-1.862017127207739320e-01
-1.724999999999999867e-01,7.989812629767849561e-01,-4.062567304848093142e-01,-1.837034094200034329e-01
-1.699999999999999289e-01,7.999970201735090436e-01,-4.069674522674657235e-01,-1.811981271896051515e-01
-1.674999999999999822e-01,8.009986386374425837e-01,-4.076684015336896616e-01,-1.786859670578436754e-01
-1.650000000000000355e-01,8.019860883068310464e-01,-4.083595516880523801e-01,-1.761670300562416525e-01
-1.624999999999999778e-01,8.029593395376508624e-01,-4.090408765286890902e-01,-1.736414172196650563e-01
-1.600000000000000311e-01,8.039183631048512080e-01,-4.097123502473143941e-01,-1.711092295864016233e-01
-1.574999999999999734e-01,8.048631302035796908e-01,-4.103739474292339429e-01,-1.685705681982334336e-01
-1.550000000000000266e-01,8.057936124503829456e-01,-4.110256430533592020e-01,-1.660255341005050511e-01
-1.524999999999999689e-01,8.067097818843932400e-01,-4.116674124922213296e-01,-1.634742283421838083e-01
-1.500000000000000222e-01,8.076116109684949862e-01,-4.122992315119850537e-01,-1.609167519759171772e-01
-1.474999999999999645e-01,8.084990725904698250e-01,-4.129210762724629946e-01,-1.583532060580828127e-01
-1.450000000000000178e-01,8.093721400641252783e-01,-4.135329233271312077e-01,-1.557836916488341272e-01
-1.424999999999999600e-01,8.102307871304058606e-01,-4.141347496231425063e-01,-1.532083098121398979e-01
-1.400000000000000133e-01,8.110749879584795430e-01,-4.147265325013432258e-01,-1.506271616158202931e-01
-1.374999999999999556e-01,8.119047171468126711e-01,-4.153082496962866021e-01,-1.480403481315754055e-01
-1.350000000000000089e-01,8.127199497242175719e-01,-4.158798793362486479e-01,-1.454479704350110369e-01
-1.324999999999999512e-01,8.135206611508920549e-01,-4.164413999432436952e-01,-1.428501296056582937e-01
-1.300000000000000044e-01,8.143068273194271622e-01,-4.169927904330391621e-01,-1.402469267269888520e-01
-1.274999999999999467e-01,8.150784245558082564e-01,-4.175340301151712619e-01,-1.376384628864248949e-01
-1.250000000000000000e-01,8.158354296203886857e-01,-4.180650986929601576e-01,-1.350248391753456345e-01
-1.224999999999999423e-01,8.165778197088493506e-01,-4.185859762635256720e-01,-1.324061566890874786e-01
-1.199999999999999956e-01,8.173055724531353983e-01,-4.190966433178026085e-01,-1.297825165269417547e-01
-1.174999999999999378e-01,8.180186659223803725e-01,-4.195970807405560721e-01,-1.271540197921459114e-01
-1.149999999999999911e-01,8.187170786238041620e-01,-4.200872698103962910e-01,-1.245207675918724305e-01
-1.124999999999999334e-01,8.194007895035977374e-01,-4.205671921997955476e-01,-1.218828610372116733e-01
-1.099999999999999867e-01,8.200697779477854610e-01,-4.210368299751015564e-01,-1.192404012431525079e-01
-1.074999999999999289e-01,8.207240237830726315e-01,-4.214961655965533405e-01,-1.165934893285568152e-01
-1.049999999999999822e-01,8.213635072776693802e-01,-4.219451819182965524e-01,-1.139422264161319004e-01
-1.025000000000000355e-01,8.219882091420996906e-01,-4.223838621883979627e-01,-1.112867136323976436e-01
-9.999999999999997780e-02,8.225981105299913221e-01,-4.228121900488605589e-01,-1.086270521076505707e-01
-9.750000000000003109e-02,8.231931930388436403e-01,-4.232301495356379784e-01,-1.059633429759245654e-01
-9.499999999999997335e-02,8.237734387107813472e-01,-4.236377250786489412e-01,-1.032956873749465154e-01
-9.250000000000002665e-02,8.243388300332856744e-01,-4.240349015017915724e-01,-1.006241864460903079e-01
-8.999999999999996891e-02,8.248893499399098106e-01,-4.244216640229578896e-01,-9.794894133432578698e-02
-8.750000000000002220e-02,8.254249818109752335e-01,-4.247979982540469046e-01,-9.527005318816553214e-02
-8.499999999999996447e-02,8.259457094742452821e-01,-4.251638902009795551e-01,-9.258762315960746003e-02
-8.250000000000001776e-02,8.264515172055871828e-01,-4.255193262637106955e-01,-8.990175240407508039e-02
-7.999999999999996003e-02,8.269423897296083181e-01,-4.258642932362431965e-01,-8.721254208035367217e-02
-7.750000000000001332e-02,8.274183122202797280e-01,-4.261987783066407687e-01,-8.452009335052464156e-02
-7.499999999999995559e-02,8.278792703015377397e-01,-4.265227690570410068e-01,-8.182450737989580003e-02
-7.250000000000000888e-02,8.283252500478660574e-01,-4.268362534636671590e-01,-7.912588533692992143e-02
-6.999999999999995115e-02,8.287562379848630867e-01,-4.271392198968402831e-01,-7.642432839316917748e-02
-6.750000000000000444e-02,8.291722210897868317e-01,-4.274316571209922366e-01,-7.371993772315872662e-02
-6.499999999999994671e-02,8.295731867920838054e-01,-4.277135542946753355e-01,-7.101281450436572329e-02
-6.250000000000000000e-02,8.299591229738969567e-01,-4.279849009705753993e-01,-6.830305991709795244e-02
-5.999999999999994227e-02,8.303300179705586093e-01,-4.282456870955215211e-01,-6.559077514441781498e-02
-5.749999999999999556e-02,8.306858605710601973e-01,-4.284959030104968369e-01,-6.287606137205635493e-02
-5.499999999999993783e-02,8.310266400185070124e-01,-4.287355394506494055e-01,-6.015901978832276231e-02
-5.249999999999999112e-02,8.313523460105535223e-01,-4.289645875453010904e-01,-5.743975158401407738e-02
-4.999999999999993339e-02,8.316629686998189275e-01,-4.291830388179573852e-01,-5.471835795232049549e-02
-4.749999999999998668e-02,8.319584986942866189e-01,-4.293908851863172393e-01,-5.199494008873099121e-02
-4.499999999999992895e-02,8.322389270576806553e-01,-4.295881189622808849e-01,-4.926959919093499424e-02
-4.249999999999998224e-02,8.325042453098293604e-01,-4.297747328519588295e-01,-4.654243645872428031e-02
-4.000000000000003553e-02,8.327544454270072727e-01,-4.299507199556794612e-01,-4.381355309389125402e-02
-3.749999999999997780e-02,8.329895198422573310e-01,-4.301160737679968760e-01,-4.108305030012708581e-02
-3.500000000000003109e-02,8.332094614456971859e-01,-4.302707881776978160e-01,-3.835102928291808655e-02
-3.249999999999997335e-02,8.334142635848061920e-01,-4.304148574678092198e-01,-3.561759124943955634e-02
-3.000000000000002665e-02,8.336039200646929714e-01,-4.305482763156033288e-01,-3.288283740845019537e-02
-2.749999999999996891e-02,8.337784251483455478e-01,-4.306710397926047929e-01,-3.014686897018315284e-02
-2.500000000000002220e-02,8.339377735568617167e-01,-4.307831433645956110e-01,-2.740978714623810639e-02
-2.249999999999996447e-02,8.340819604696626532e-01,-4.308845828916202936e-01,-2.467169314947008016e-02
-2.000000000000001776e-02,8.342109815246868676e-01,-4.309753546279906922e-01,-2.193268819387941826e-02
-1.749999999999996003e-02,8.343248328185659535e-01,-4.310554552222903846e-01,-1.919287349449881261e-02
-1.500000000000001332e-02,8.344235109067810185e-01,-4.311248817173780057e-01,-1.645235026728160063e-02
-1.249999999999995559e-02,8.345070128038024615e-01,-4.311836315503905781e-01,-1.371121972898724055e-02
-1.000000000000000888e-02,8.345753359832090990e-01,-4.312317025527476755e-01,-1.096958309706825598e-02
-7.499999999999951150e-03,8.346284783777905281e-01,-4.312690929501517556e-01,-8.227541589554639156e-03
-5.000000000000004441e-03,8.346664383796305042e-01,-4.312958013625925457e-01,-5.485196424939761672e-03
-2.499999999999946709e-03,8.346892148401705569e-01,-4.313118268043465986e-01,-2.742648822063994442e-03
0.000000000000000000e+00,8.346968070702573961e-01,-4.313171686839795127e-01,1.044975816542720421e-17
2.499999999999946709e-03,8.346892148401705569e-01,-4.313118268043466541e-01,2.742648822064014825e-03
5.000000000000115463e-03,8.346664383796305042e-01,-4.312958013625927123e-01,5.485196424939905654e-03
7.500000000000062172e-03,8.346284783777905281e-01,-4.312690929501518111e-01,8.227541589554781404e-03
1.000000000000000888e-02,8.345753359832088769e-01,-4.312317025527476755e-01,1.096958309706827159e-02
1.249999999999995559e-02,8.345070128038026835e-01,-4.311836315503905226e-01,1.371121972898726310e-02
1.500000000000012434e-02,8.344235109067812406e-01,-4.311248817173777836e-01,1.645235026728174982e-02
1.750000000000007105e-02,8.343248328185660645e-01,-4.310554552222903291e-01,1.919287349449896179e-02
2.000000000000001776e-02,8.342109815246868676e-01,-4.309753546279906922e-01,2.193268819387942867e-02
2.249999999999996447e-02,8.340819604696624312e-01,-4.308845828916202381e-01,2.467169314947010444e-02
2.499999999999991118e-02,8.339377735568613836e-01,-4.307831433645956110e-01,2.740978714623800230e-02
2.750000000000007994e-02,8.337784251483455478e-01,-4.306710397926047929e-01,3.014686897018328815e-02
3.000000000000002665e-02,8.336039200646928604e-01,-4.305482763156033843e-01,3.288283740845019537e-02
3.249999999999997335e-02,8.334142635848061920e-01,-4.304148574678092753e-01,3.561759124943957716e-02
3.499999999999992006e-02,8.332094614456971859e-01,-4.302707881776978160e-01,3.835102928291798247e-02
3.750000000000008882e-02,8.329895198422573310e-01,-4.301160737679967649e-01,4.108305030012721071e-02
4.000000000000003553e-02,8.327544454270073837e-01,-4.299507199556794057e-01,4.381355309389126096e-02
4.249999999999998224e-02,8.325042453098293604e-01,-4.297747328519587739e-01,4.654243645872428725e-02
4.499999999999992895e-02,8.322389270576806553e-01,-4.295881189622808849e-01,4.926959919093501505e-02
4.750000000000009770e-02,8.319584986942863969e-01,-4.293908851863172949e-01,5.199494008873113693e-02
5.000000000000004441e-02,8.316629686998189275e-01,-4.291830388179573852e-01,5.471835795232062732e-02
5.249999999999999112e-02,8.313523460105535223e-01,-4.289645875453010349e-01,5.743975158401409820e-02
5.499999999999993783e-02,8.310266400185073454e-01,-4.287355394506494610e-01,6.015901978832279701e-02
5.750000000000010658e-02,8.306858605710599752e-01,-4.284959030104967814e-01,6.287606137205646595e-02
6.000000000000005329e-02,8.303300179705586093e-01,-4.282456870955214656e-01,6.559077514441793988e-02
6.250000000000000000e-02,8.299591229738972897e-01,-4.279849009705754548e-01,6.830305991709796631e-02
6.499999999999994671e-02,8.295731867920838054e-01,-4.277135542946752800e-01,7.101281450436575104e-02
6.750000000000011546e-02,8.291722210897870537e-01,-4.274316571209922366e-01,7.371993772315880988e-02
7.000000000000006217e-02,8.287562379848631977e-01,-4.271392198968404497e-01,7.642432839316928850e-02
7.250000000000000888e-02,8.283252500478660574e-01,-4.268362534636671035e-01,7.912588533692994919e-02
7.499999999999995559e-02,8.278792703015379617e-01,-4.265227690570410068e-01,8.182450737989580003e-02
7.750000000000012434e-02,8.274183122202799501e-01,-4.261987783066407132e-01,8.452009335052482197e-02
8.000000000000007105e-02,8.269423897296080961e-01,-4.258642932362430300e-01,8.721254208035382482e-02
8.250000000000001776e-02,8.264515172055872938e-01,-4.255193262637106399e-01,8.990175240407509427e-02
8.499999999999996447e-02,8.259457094742452821e-01,-4.251638902009796106e-01,9.258762315960743228e-02
8.750000000000013323e-02,8.254249818109752335e-01,-4.247979982540469601e-01,9.527005318816562929e-02
9.000000000000007994e-02,8.248893499399101437e-01,-4.244216640229579451e-01,9.794894133432587024e-02
9.250000000000002665e-02,8.243388300332856744e-01,-4.240349015017915724e-01,1.006241864460903079e-01
9.499999999999997335e-02,8.237734387107813472e-01,-4.236377250786487747e-01,1.032956873749465293e-01
9.749999999999992006e-02,8.231931930388439733e-01,-4.232301495356380894e-01,1.059633429759245238e-01
1.000000000000000888e-01,8.225981105299913221e-01,-4.228121900488605589e-01,1.086270521076507234e-01
1.025000000000000355e-01,8.219882091420999126e-01,-4.223838621883980737e-01,1.112867136323976713e-01
1.049999999999999822e-01,8.213635072776696022e-01,-4.219451819182964969e-01,1.139422264161319420e-01
1.074999999999999289e-01,8.207240237830721874e-01,-4.214961655965532850e-01,1.165934893285567875e-01
1.100000000000000977e-01,8.200697779477854610e-01,-4.210368299751015564e-01,1.192404012431526189e-01
1.125000000000000444e-01,8.194007895035976263e-01,-4.205671921997955476e-01,1.218828610372118398e-01
1.149999999999999911e-01,8.187170786238041620e-01,-4.200872698103964575e-01,1.245207675918723750e-01
1.174999999999999378e-01,8.180186659223804835e-01,-4.195970807405559611e-01,1.271540197921459392e-01
1.200000000000001066e-01,8.173055724531355093e-01,-4.190966433178024975e-01,1.297825165269419212e-01
1.225000000000000533e-01,8.165778197088492396e-01,-4.185859762635254500e-01,1.324061566890876174e-01
1.250000000000000000e-01,8.158354296203890188e-01,-4.180650986929601021e-01,1.350248391753456900e-01
1.274999999999999467e-01,8.150784245558088115e-01,-4.175340301151711508e-01,1.376384628864249227e-01
1.300000000000001155e-01,8.143068273194271622e-01,-4.169927904330390511e-01,1.402469267269889353e-01
1.325000000000000622e-01,8.135206611508919439e-01,-4.164413999432436397e-01,1.428501296056584047e-01
1.350000000000000089e-01,8.127199497242175719e-01,-4.158798793362487589e-01,1.454479704350110369e-01
1.374999999999999556e-01,8.119047171468125601e-01,-4.153082496962866021e-01,1.480403481315753778e-01
1.400000000000001243e-01,8.110749879584798760e-01,-4.147265325013432813e-01,1.506271616158204318e-01
1.425000000000000711e-01,8.102307871304059717e-01,-4.141347496231424508e-01,1.532083098121400366e-01
1.450000000000000178e-01,8.093721400641252783e-01,-4.135329233271310412e-01,1.557836916488341272e-01
1.474999999999999645e-01,8.084990725904691589e-01,-4.129210762724628836e-01,1.583532060580828404e-01
1.500000000000001332e-01,8.076116109684949862e-01,-4.122992315119849427e-01,1.609167519759173159e-01
1.525000000000000799e-01,8.067097818843932400e-01,-4.116674124922213851e-01,1.634742283421838360e-01
1.550000000000000266e-01,8.057936124503831676e-01,-4.110256430533592575e-01,1.660255341005049678e-01
1.574999999999999734e-01,8.048631302035795798e-01,-4.103739474292340539e-01,1.685705681982334891e-01
1.599999999999999201e-01,8.039183631048508749e-01,-4.097123502473145051e-01,1.711092295864014845e-01
1.625000000000000888e-01,8.029593395376504184e-01,-4.090408765286892012e-01,1.736414172196651673e-01
1.650000000000000355e-01,8.019860883068308244e-01,-4.083595516880524356e-01,1.761670300562417357e-01
1.674999999999999822e-01,8.009986386374428058e-01,-4.076684015336898281e-01,1.786859670578436476e-01
1.699999999999999289e-01,7.999970201735089326e-01,-4.069674522674656125e-01,1.811981271896052348e-01
1.725000000000000977e-01,7.989812629767847341e-01,-4.062567304848092586e-01,1.837034094200035717e-01
1.750000000000000444e-01,7.979513975254958202e-01,-4.055362631747020385e-01,1.862017127207740985e-01
1.774999999999999911e-01,7.969074547130567954e-01,-4.048060777196655358e-01,1.886929360668210542e-01
1.799999999999999378e-01,7.958494658467748506e-01,-4.040662018957483781e-01,1.911769784361199431e-01
1.825000000000001066e-01,7.947774626465280434e-01,-4.033166638725151909e-01,1.936537388096158385e-01
1.850000000000000533e-01,7.936914772434309207e-01,-4.025574922130356059e-01,1.961231161711133597e-01
1.875000000000000000e-01,7.925915421784738291e-01,-4.017887158738719378e-01,1.985850095071632349e-01
1.899999999999999467e-01,7.914776904011506797e-01,-4.010103642050703021e-01,2.010393178069401487e-01
1.925000000000001155e-01,7.903499552680622875e-01,-4.002224669501494581e-01,2.034859400621151782e-01
1.950000000000000622e-01,7.892083705415017247e-01,-3.994250542460920927e-01,2.059247752667204834e-01
1.975000000000000089e-01,7.880529703880201353e-01,-3.986181566233353291e-01,2.083557224170100308e-01
1.999999999999999556e-01,7.868837893769760061e-01,-3.978018050057630650e-01,2.107786805113114614e-01
2.025000000000001243e-01,7.857008624790605689e-01,-3.969760307106973696e-01,2.131935485498712424e-01
2.050000000000000711e-01,7.845042250648076587e-01,-3.961408654488921544e-01,2.156002255346931573e-01
2.075000000000000178e-01,7.832939129030823677e-01,-3.952963413245255686e-01,2.179986104693716342e-01
2.099999999999999645e-01,7.820699621595510465e-01,-3.944424908351956138e-01,2.203886023589153031e-01
2.125000000000001332e-01,7.808324093951309885e-01,-3.935793468719132049e-01,2.227701002095655580e-01
2.150000000000000799e-01,7.795812915644229069e-01,-3.927069427190997830e-01,2.251430030286059036e-01
2.175000000000000266e-01,7.783166460141214271e-01,-3.918253120545817092e-01,2.275072098241672225e-01
2.199999999999999734e-01,7.770385104814064858e-01,-3.909344889495884878e-01,2.298626196050220227e-01
2.224999999999999201e-01,7.757469230923175196e-01,-3.900345078687504907e-01,2.322091313803740231e-01
2.250000000000000888e-01,7.744419223601056723e-01,-3.891254036700975694e-01,2.345466441596388840e-01
2.275000000000000355e-01,7.731235471835691264e-01,-3.882072116050584443e-01,2.368750569522171667e-01
2.299999999999999822e-01,7.717918368453637878e-01,-3.872799673184618152e-01,2.391942687672612977e-01
2.324999999999999289e-01,7.704468310102998707e-01,-3.863437068485373604e-01,2.415041786134325963e-01
2.350000000000000977e-01,7.690885697236167218e-01,-3.853984666269179016e-01,2.438046854986525569e-01
2.375000000000000444e-01,7.677170934092397703e-01,-3.844442834786436225e-01,2.460956884298434455e-01
2.399999999999999911e-01,7.663324428680112765e-01,-3.834811946221657886e-01,2.483770864126649269e-01
2.424999999999999378e-01,7.649346592759110885e-01,-3.825092376693520202e-01,2.506487784512385075e-01
2.450000000000001066e-01,7.635237841822509752e-01,-3.815284506254936758e-01,2.529106635478670095e-01
2.475000000000000533e-01,7.620998595078497528e-01,-3.805388718893129574e-01,2.551626407027429710e-01
2.500000000000000000e-01,7.606629275431934234e-01,-3.795405402529713479e-01,2.574046089136520776e-01
2.524999999999999467e-01,7.592130309465675575e-01,-3.785334949020801587e-01,2.596364671756649645e-01
2.550000000000001155e-01,7.577502127421784639e-01,-3.775177754157119647e-01,2.618581144808230232e-01
2.575000000000000622e-01,7.562745163182481578e-01,-3.764934217664120397e-01,2.640694498178131067e-01
2.600000000000000089e-01,7.547859854250921208e-01,-3.754604743202129002e-01,2.662703721716375149e-01
2.624999999999999556e-01,7.532846641731768544e-01,-3.744189738366492382e-01,2.684607805232705480e-01
2.650000000000001243e-01,7.517705970311571173e-01,-3.733689614687735192e-01,2.706405738493103952e-01
2.675000000000000711e-01,7.502438288238947317e-01,-3.723104787631753565e-01,2.728096511216190345e-01
2.700000000000000178e-01,7.487044047304535210e-01,-3.712435676599986079e-01,2.749679113069556924e-01
2.724999999999999645e-01,7.471523702820789259e-01,-3.701682704929635803e-01,2.771152533665999229e-01
2.750000000000001332e-01,7.455877713601549717e-01,-3.690846299893881244e-01,2.792515762559656944e-01
2.775000000000000799e-01,7.440106541941408080e-01,-3.679926892702125585e-01,2.813767789242059836e-01
2.800000000000000266e-01,7.424210653594888187e-01,-3.668924918500227617e-01,2.834907603138100973e-01
2.824999999999999734e-01,7.408190517755406379e-01,-3.657840816370790393e-01,2.855934193601887827e-01
2.849999999999999201e-01,7.392046607034047367e-01,-3.646675029333431572e-01,2.876846549912522311e-01
2.875000000000000888e-01,7.375779397438121388e-01,-3.635428004345093167e-01,2.897643661269776461e-01
2.900000000000000355e-01,7.359389368349545935e-01,-3.624100192300351297e-01,2.918324516789671530e-01
2.924999999999999822e-01,7.342877002502979922e-01,-3.612692048031750369e-01,2.938888105499963266e-01
2.949999999999999289e-01,7.326242785963789084e-01,-3.601204030310172222e-01,2.959333416335536704e-01
2.975000000000000977e-01,7.309487208105807099e-01,-3.589636601845178632e-01,2.979659438133691607e-01
3.000000000000000444e-01,7.292610761588886881e-01,-3.577990229285430979e-01,2.999865159629332423e-01
3.024999999999999911e-01,7.275613942336225382e-01,-3.566265383219077711e-01,3.019949569450070537e-01
3.049999999999999378e-01,7.258497249511512983e-01,-3.554462538174190112e-01,3.039911656111212168e-01
3.075000000000001066e-01,7.241261185495863062e-01,-3.542582172619206382e-01,3.059750408010650236e-01
3.100000000000000533e-01,7.223906255864565029e-01,-3.530624768963403493e-01,3.079464813423659075e-01
3.125000000000000000e-01,7.206432969363572028e-01,-3.518590813557386232e-01,3.099053860497577584e-01
3.149999999999999467e-01,7.188841837885825425e-01,-3.506480796693584590e-01,3.118516537246409648e-01
3.175000000000001155e-01,7.171133376447386132e-01,-3.494295212606798318e-01,3.137851831545293568e-01
3.200000000000000622e-01,7.153308103163305010e-01,-3.482034559474739277e-01,3.157058731124882667e-01
3.225000000000000089e-01,7.135366539223344517e-01,-3.469699339418611528e-01,3.176136223565627636e-01
3.249999999999999556e-01,7.117309208867440562e-01,-3.457290058503698638e-01,3.195083296291935659e-01
3.275000000000001243e-01,7.099136639361006695e-01,-3.444807226739997619e-01,3.213898936566240705e-01
3.300000000000000711e-01,7.080849360969982964e-01,-3.432251358082849535e-01,3.232582131482944487e-01
3.325000000000000178e-01,7.062447906935704900e-01,-3.419622970433606746e-01,3.251131867962279709e-01
3.349999999999999645e-01,7.043932813449542696e-01,-3.406922585640329570e-01,3.269547132744036744e-01
3.375000000000001332e-01,7.025304619627367186e-01,-3.394150729498495722e-01,3.287826912381201505e-01
3.400000000000000799e-01,7.006563867483749375e-01,-3.381307931751746931e-01,3.305970193233458976e-01
3.425000000000000266e-01,6.987711101905995648e-01,-3.368394726092650004e-01,3.323975961460623463e-01
3.449999999999999734e-01,6.968746870627954282e-01,-3.355411650163487858e-01,3.341843203015916197e-01
3.474999999999999201e-01,6.949671724203612122e-01,-3.342359245557078862e-01,3.359570903639166328e-01
3.500000000000000888e-01,6.930486215980459219e-01,-3.329238057817625052e-01,3.377158048849868144e-01
3.525000000000000355e-01,6.911190902072704700e-01,-3.316048636441577546e-01,3.394603623940149473e-01
3.549999999999999822e-01,6.891786341334170674e-01,-3.302791534878541935e-01,3.411906613967614077e-01
3.574999999999999289e-01,6.872273095331092874e-01,-3.289467310532200317e-01,3.429066003748078018e-01
3.600000000000000977e-01,6.852651728314613777e-01,-3.276076524761273312e-01,3.446080777848168908e-01
3.625000000000000444e-01,6.832922807193120285e-01,-3.262619742880506490e-01,3.462949920577839680e-01
3.649999999999999911e-01,6.813086901504328274e-01,-3.249097534161669021e-01,3.479672415982747458e-01
3.674999999999999378e-01,6.793144583387168423e-01,-3.235510471834623925e-01,3.496247247836509753e-01
3.700000000000001066e-01,6.773096427553468857e-01,-3.221859133088382787e-01,3.512673399632865734e-01
3.725000000000000533e-01,6.752943011259381345e-01,-3.208144099072216537e-01,3.528949854577680956e-01
3.750000000000000000e-01,6.732684914276636512e-01,-3.194365954896800641e-01,3.545075595580881589e-01
3.774999999999999467e-01,6.712322718863561466e-01,-3.180525289635371400e-01,3.561049605248228223e-01
3.800000000000001155e-01,6.691857009735856510e-01,-3.166622696324936093e-01,3.576870865872985306e-01
3.825000000000000622e-01,6.671288374037198654e-01,-3.152658771967505325e-01,3.592538359427466799e-01
3.850000000000000089e-01,6.650617401309587562e-01,-3.138634117531353129e-01,3.608051067554464697e-01
3.874999999999999556e-01,6.629844683463492760e-01,-3.124549337952328143e-01,3.623407971558545992e-01
3.900000000000001243e-01,6.608970814747777700e-01,-3.110405042135177545e-01,3.638608052397237502e-01
3.925000000000000711e-01,6.587996391719390665e-01,-3.096201842954927064e-01,3.653650290672068035e-01
3.950000000000000178e-01,6.566922013212851406e-01,-3.081940357258275975e-01,3.668533666619513967e-01
3.974999999999999645e-01,6.545748280309496847e-01,-3.067621205865042056e-01,3.683257160101799932e-01
4.000000000000001332e-01,6.524475796306529185e-01,-3.053245013569633182e-01,3.697819750597571287e-01
4.025000000000000799e-01,6.503105166685826388e-01,-3.038812409142571669e-01,3.712220417192451660e-01
4.050000000000000266e-01,6.481636999082515116e-01,-3.024324025332026933e-01,3.726458138569470613e-01
4.074999999999999734e-01,6.460071903253344905e-01,-3.009780498865411991e-01,3.740531892999369168e-01
4.099999999999999201e-01,6.438410491044833650e-01,-2.995182470451010492e-01,3.754440658330747693e-01
4.125000000000000888e-01,6.416653376361154404e-01,-2.980530584779635395e-01,3.768183411980141617e-01
4.150000000000000355e-01,6.394801175131863413e-01,-2.965825490526337593e-01,3.781759130921896195e-01
4.174999999999999822e-01,6.372854505279331727e-01,-2.951067840352137872e-01,3.795166791677990203e-01
4.199999999999999289e-01,6.350813986685975854e-01,-2.936258290905820467e-01,3.808405370307649807e-01
4.225000000000000977e-01,6.328680241161280806e-01,-2.921397502825748838e-01,3.821473842396896914e-01
4.250000000000000444e-01,6.306453892408583339e-01,-2.906486140741735835e-01,3.834371183047926568e-01
4.274999999999999911e-01,6.284135565991585404e-01,-2.891524873276942742e-01,3.847096366868364425e-01
4.299999999999999378e-01,6.261725889300717718e-01,-2.876514373049827156e-01,3.859648367960407112e-01
4.325000000000001066e-01,6.239225491519190259e-01,-2.861455316676139726e-01,3.872026159909790488e-01
4.350000000000000533e-01,6.216635003588882880e-01,-2.846348384770955864e-01,3.884228715774659113e-01
4.375000000000000000e-01,6.193955058175945050e-01,-2.831194261950745750e-01,3.896255008074293036e-01
4.399999999999999467e-01,6.171186289636201305e-01,-2.815993636835500413e-01,3.908104008777694705e-01
4.425000000000001155e-01,6.148329333980318001e-01,-2.800747202050900553e-01,3.919774689292040981e-01
4.450000000000000622e-01,6.125384828838719153e-01,-2.785455654230524214e-01,3.931266020450989718e-01
4.475000000000000089e-01,6.102353413426290230e-01,-2.770119694018109424e-01,3.942576972502880861e-01
4.499999999999999556e-01,6.079235728506833247e-01,-2.754740026069843473e-01,3.953706515098765473e-01
4.525000000000001243e-01,6.056032416357282067e-01,-2.739317359056727685e-01,3.964653617280316511e-01
4.550000000000000711e-01,6.032744120731704518e-01,-2.723852405666970511e-01,3.975417247467593618e-01
4.575000000000000178e-01,6.009371486825038078e-01,-2.708345882608432786e-01,3.985996373446671903e-01
4.599999999999999645e-01,5.985915161236611270e-01,-2.692798510611117968e-01,3.996389962357147496e-01
4.625000000000001332e-01,5.962375791933411939e-01,-2.677211014429718428e-01,4.006596980679461573e-01
4.650000000000000799e-01,5.938754028213126812e-01,-2.661584122846213929e-01,4.016616394222132236e-01
4.675000000000000266e-01,5.915050520666930156e-01,-2.645918568672499527e-01,4.026447168108812091e-01
4.699999999999999734e-01,5.891265921142040396e-01,-2.630215088753089514e-01,4.036088266765225918e-01
4.724999999999999201e-01,5.867400882704039144e-01,-2.614474423967865779e-01,4.045538653905954574e-01
4.750000000000000888e-01,5.843456059598922669e-01,-2.598697319234859471e-01,4.054797292521077900e-01
4.775000000000000355e-01,5.819432107214961292e-01,-2.582884523513110930e-01,4.063863144862678856e-01
4.799999999999999822e-01,5.795329682044255692e-01,-2.567036789805570707e-01,4.072735172431206085e-01
4.824999999999999289e-01,5.771149441644087830e-01,-2.551154875162049973e-01,4.081412335961686622e-01
4.850000000000000977e-01,5.746892044598009841e-01,-2.535239540682226456e-01,4.089893595409800353e-01
4.875000000000000444e-01,5.722558150476717564e-01,-2.519291551518716976e-01,4.098177909937810726e-01
4.899999999999999911e-01,5.698148419798608755e-01,-2.503311676880189962e-01,4.106264237900338898e-01
4.924999999999999378e-01,5.673663513990174767e-01,-2.487300690034537631e-01,4.114151536830016331e-01
4.950000000000001066e-01,5.649104095346088039e-01,-2.471259368312108684e-01,4.121838763422970286e-01
4.975000000000000533e-01,5.624470826989079741e-01,-2.455188493109000114e-01,4.129324873524162220e-01
5.000000000000000000e-01,5.599764372829514336e-01,-2.439088849890394262e-01,4.136608822112601280e-01
5.024999999999999467e-01,5.574985397524774289e-01,-2.422961228193960259e-01,4.143689563286396815e-01
5.050000000000001155e-01,5.550134566438347239e-01,-2.406806421633322368e-01,4.150566050247649907e-01
5.075000000000000622e-01,5.525212545598698899e-01,-2.390625227901575778e-01,4.157237235287231658e-01
5.100000000000000089e-01,5.500220001657843971e-01,-2.374418448774864854e-01,4.163702069769378844e-01
5.124999999999999556e-01,5.475157601849718336e-01,-2.358186890116025225e-01,4.169959504116164672e-01
5.150000000000001243e-01,5.450026013948245929e-01,-2.341931361878280271e-01,4.176008487791803558e-01
5.175000000000000711e-01,5.424825906225191341e-01,-2.325652678109013660e-01,4.181847969286820454e-01
5.200000000000000178e-01,5.399557947407725988e-01,-2.309351656953580190e-01,4.187476896102071411e-01
5.224999999999999645e-01,5.374222806635745586e-01,-2.293029120659199060e-01,4.192894214732589830e-01
5.250000000000001332e-01,5.348821153418937824e-01,-2.276685895578902386e-01,4.198098870651321146e-01
5.275000000000000799e-01,5.323353657593582478e-01,-2.260322812175553364e-01,4.203089808292672092e-01
5.300000000000000266e-01,5.297820989279095061e-01,-2.243940705025914972e-01,4.207865971035928410e-01
5.324999999999999734e-01,5.272223818834291809e-01,-2.227540412824799698e-01,4.212426301188514355e-01
5.350000000000001421e-01,5.246562816813418184e-01,-2.211122778389272847e-01,4.216769739969107866e-01
5.375000000000000888e-01,5.220838653921912043e-01,-2.194688648662934116e-01,4.220895227490583101e-01
5.400000000000000355e-01,5.195052000971873696e-01,-2.178238874720250240e-01,4.224801702742835285e-01
5.424999999999999822e-01,5.169203528837303940e-01,-2.161774311770967294e-01,4.228488103575420154e-01
5.449999999999999289e-01,5.143293908409054538e-01,-2.145295819164586282e-01,4.231953366680057393e-01
5.475000000000000977e-01,5.117323810549523344e-01,-2.128804260394907832e-01,4.235196427572973654e-01
5.500000000000000444e-01,5.091293906047087425e-01,-2.112300503104648786e-01,4.238216220577107340e-01
5.524999999999999911e-01,5.065204865570240855e-01,-2.095785419090118729e-01,4.241011678804123552e-01
5.549999999999999378e-01,5.039057359621489374e-01,-2.079259884305977857e-01,4.243581734136330219e-01
5.575000000000001066e-01,5.012852058490955276e-01,-2.062724778870059505e-01,4.245925317208381622e-01
5.600000000000000533e-01,4.986589632209738610e-01,-2.046180987068272894e-01,4.248041357388874784e-01
5.625000000000000000e-01,4.960270750502957515e-01,-2.029629397359561105e-01,4.249928782761756008e-01
5.649999999999999467e-01,4.933896082742563194e-01,-2.013070902380945937e-01,4.251586520107595857e-01
5.675000000000001155e-01,4.907466297899854557e-01,-1.996506398952643535e-01,4.253013494884693713e-01
5.700000000000000622e-01,4.880982064497715878e-01,-1.979936788083252741e-01,4.254208631210042446e-01
5.725000000000000089e-01,4.854444050562589097e-01,-1.963362974975012554e-01,4.255170851840116009e-01
5.749999999999999556e-01,4.827852923576151367e-01,-1.946785869029142579e-01,4.255899078151524351e-01
5.775000000000001243e-01,4.801209350426739464e-01,-1.930206383851257035e-01,4.256392230121494036e-01
5.800000000000000711e-01,4.774513997360460560e-01,-1.913625437256853967e-01,4.256649226308198974e-01
5.825000000000000178e-01,4.747767529932044317e-01,-1.897043951276878859e-01,4.256668983830937947e-01
5.849999999999999645e-01,4.720970612955411871e-01,-1.880462852163372889e-01,4.256450418350149478e-01
5.875000000000001332e-01,4.694123910453944504e-01,-1.863883070395186137e-01,4.255992444047279055e-01
5.900000000000000799e-01,4.667228085610491406e-01,-1.847305540683795710e-01,4.255293973604468150e-01
5.925000000000000266e-01,4.640283800717062146e-01,-1.830731201979163558e-01,4.254353918184116679e-01
5.949999999999999734e-01,4.613291717124260449e-01,-1.814160997475715853e-01,4.253171187408263942e-01
5.975000000000001421e-01,4.586252495190410450e-01,-1.797595874618369005e-01,4.251744689337818017e-01
6.000000000000000888e-01,4.559166794230409270e-01,-1.781036785108666698e-01,4.250073330451630271e-01
6.025000000000000355e-01,4.532035272464265407e-01,-1.764484684910969658e-01,4.248156015625417781e-01
6.049999999999999822e-01,4.504858586965369560e-01,-1.747940534258745904e-01,4.245991648110512551e-01
6.074999999999999289e-01,4.477637393608461802e-01,-1.731405297660947862e-01,4.243579129512460302e-01
6.100000000000000977e-01,4.450372347017296781e-01,-1.714879943908451942e-01,4.240917359769472150e-01
6.125000000000000444e-01,4.423064100512040797e-01,-1.698365446080609686e-01,4.238005237130694769e-01
6.149999999999999911e-01,4.395713306056328595e-01,-1.681862781551857200e-01,4.234841658134346765e-01
6.174999999999999378e-01,4.368320614204059815e-01,-1.665372931998433670e-01,4.231425517585678531e-01
6.200000000000001066e-01,4.340886674045891791e-01,-1.648896883405165659e-01,4.227755708534770007e-01
6.225000000000000533e-01,4.313412133155401507e-01,-1.632435626072355761e-01,4.223831122254212977e-01
6.250000000000000000e-01,4.285897637534988314e-01,-1.615990154622743979e-01,4.219650648216555222e-01
6.274999999999999467e-01,4.258343831561443027e-01,-1.599561468008568466e-01,4.215213174071674174e-01
6.300000000000001155e-01,4.230751357931216705e-01,-1.583150569518705364e-01,4.210517585623926307e-01
6.325000000000000622e-01,4.203120857605416871e-01,-1.566758466785911352e-01,4.205562766809166630e-01
6.350000000000000089e-01,4.175452969754433474e-01,-1.550386171794135570e-01,4.200347599671608312e-01
6.374999999999999556e-01,4.147748331702317826e-01,-1.534034700885938129e-01,4.194870964340514652e-01
6.400000000000001243e-01,4.120007578870823473e-01,-1.517705074770002160e-01,4.189131739006746735e-01
6.425000000000000711e-01,4.092231344723137321e-01,-1.501398318528720521e-01,4.183128799899131778e-01
6.450000000000000178e-01,4.064420260707298227e-01,-1.485115461625890476e-01,4.176861021260687146e-01
6.474999999999999645e-01,4.036574956199319719e-01,-1.468857537914494971e-01,4.170327275324691163e-01
6.500000000000001332e-01,4.008696058445963550e-01,-1.452625585644576334e-01,4.163526432290576840e-01
6.525000000000000799e-01,3.980784192507232921e-01,-1.436420647471211842e-01,4.156457360299681270e-01
6.550000000000000266e-01,3.952839981198532637e-01,-1.420243770462569777e-01,4.149118925410830716e-01
6.574999999999999734e-01,3.924864045032498416e-01,-1.404096006108075667e-01,4.141509991575780258e-01
6.600000000000001421e-01,3.896857002160518113e-01,-1.387978410326664858e-01,4.133629420614456373e-01
6.625000000000000888e-01,3.868819468313957066e-01,-1.371892043475139988e-01,4.125476072190107368e-01
6.650000000000000355e-01,3.840752056744989873e-01,-1.355837970356616740e-01,4.117048803784221778e-01
6.674999999999999822e-01,3.812655378167191800e-01,-1.339817260229070883e-01,4.108346470671350725e-01
6.699999999999999289e-01,3.784530040695729403e-01,-1.323830986813986921e-01,4.099367925893724340e-01
6.725000000000000977e-01,3.756376649787280808e-01,-1.307880228305102477e-01,4.090112020235753265e-01
6.750000000000000444e-01,3.728195808179609050e-01,-1.291966067377260385e-01,4.080577602198334208e-01
6.774999999999999911e-01,3.699988115830761259e-01,-1.276089591195340156e-01,4.070763517973024492e-01
6.799999999999999378e-01,3.671754169858018613e-01,-1.260251891423312398e-01,4.060668611416051177e-01
6.825000000000001066e-01,3.643494564476432718e-01,-1.244454064233389279e-01,4.050291724022153650e-01
6.850000000000000533e-01,3.615209890937096660e-01,-1.228697210315270877e-01,4.039631694898290770e-01
6.875000000000000000e-01,3.586900737465002487e-01,-1.212982434885498534e-01,4.028687360737162604e-01
6.899999999999999467e-01,3.558567689196640016e-01,-1.197310847696911040e-01,4.017457555790612811e-01
6.925000000000001155e-01,3.530211328117200398e-01,-1.181683563048203933e-01,4.005941111842835634e-01
6.950000000000000622e-01,3.501832232997459382e-01,-1.166101699793600510e-01,3.994136858183448546e-01
6.975000000000000089e-01,3.473430979330312529e-01,-1.150566381352612494e-01,3.982043621580416137e-01
6.999999999999999556e-01,3.445008139266969027e-01,-1.135078735719921433e-01,3.969660226252796908e-01
7.025000000000001243e-01,3.416564281552803561e-01,-1.119639895475359193e-01,3.956985493843349078e-01
7.050000000000000711e-01,3.388099971462851800e-01,-1.104250997794002653e-01,3.944018243390988721e-01
7.075000000000000178e-01,3.359615770736957274e-01,-1.088913184456362371e-01,3.930757291303065282e-01
7.099999999999999645e-01,3.331112237514570751e-01,-1.073627601858692382e-01,3.917201451327514961e-01
7.125000000000001332e-01,3.302589926269201559e-01,-1.058395401023402294e-01,3.903349534524840903e-01
7.150000000000000799e-01,3.274049387742501427e-01,-1.043217737609584972e-01,3.889200349239945176e-01
7.175000000000000266e-01,3.245491168878006372e-01,-1.028095771923644847e-01,3.874752701073814198e-01
7.199999999999999734e-01,3.216915812754508885e-01,-1.013030668930045425e-01,3.860005392855025974e-01
7.225000000000001421e-01,3.188323858519078180e-01,-9.980235982621588064e-02,3.844957224611146862e-01
7.250000000000000888e-01,3.159715841319727936e-01,-9.830757342332453741e-02,3.829606993539941273e-01
7.275000000000000355e-01,3.131092292237688812e-01,-9.681882558475188305e-02,3.813953493980437037e-01
7.299999999999999822e-01,3.102453738219357882e-01,-9.533623468113466837e-02,3.797995517383848663e-01
7.324999999999999289e-01,3.073800702007851160e-01,-9.385991955445555091e-02,3.781731852284342943e-01
7.350000000000000977e-01,3.045133702074200310e-01,-9.238999951918490383e-02,3.765161284269657460e-01
7.375000000000000444e-01,3.016453252548192965e-01,-9.092659436343482338e-02,3.748282595951573648e-01
7.399999999999999911e-01,2.987759863148797268e-01,-8.946982435012330870e-02,3.731094566936217216e-01
7.424999999999999378e-01,2.959054039114267787e-01,-8.801981021815179218e-02,3.713595973794239224e-01
7.450000000000001066e-01,2.930336281131835086e-01,-8.657667318359257846e-02,3.695785590030833401e-01
7.475000000000000533e-01,2.901607085267046138e-01,-8.514053494088982821e-02,3.677662186055613014e-01
7.500000000000000000e-01,2.872866942892699504e-01,-8.371151766407015915e-02,3.659224529152317329e-01
7.524999999999999467e-01,2.844116340617423022e-01,-8.228974400796708333e-02,3.640471383448411480e-01
7.550000000000001155e-01,2.815355760213850145e-01,-8.087533710945604692e-02,3.621401509884503711e-01
7.575000000000000622e-01,2.786585678546436573e-01,-7.946842058870207115e-02,3.602013666183636054e-01
7.600000000000000089e-01,2.757806567498846673e-01,-7.806911855041898107e-02,3.582306606820413464e-01
7.624999999999999556e-01,2.729018893901009046e-01,-7.667755558514063874e-02,3.562279082990011392e-01
7.650000000000001243e-01,2.700223119455726351e-01,-7.529385677050472181e-02,3.541929842577021259e-01
7.675000000000000711e-01,2.671419700664940389e-01,-7.391814767254861751e-02,3.521257630124165483e-01
7.700000000000000178e-01,2.642609088755560887e-01,-7.255055434701705719e-02,3.500261186800843749e-01
7.724999999999999645e-01,2.613791729604924563e-01,-7.119120334068188005e-02,3.478939250371573255e-01
7.750000000000001332e-01,2.584968063665853966e-01,-6.984022169267561919e-02,3.457290555164262424e-01
7.775000000000000799e-01,2.556138525891309965e-01,-6.849773693583559309e-02,3.435313832038353055e-01
7.800000000000000266e-01,2.527303545658632911e-01,-6.716387709806140305e-02,3.413007808352816475e-01
7.824999999999999734e-01,2.498463546693403259e-01,-6.583877070368461537e-02,3.390371207934020359e-01
7.850000000000001421e-01,2.469618946992871988e-01,-6.452254677485146084e-02,3.367402751043440112e-01
7.875000000000000888e-01,2.440770158749003549e-01,-6.321533483291799649e-02,3.344101154345261451e-01
7.900000000000000355e-01,2.411917588271084434e-01,-6.191726489985691778e-02,3.320465130873805348e-01
7.924999999999999822e-01,2.383061635907945952e-01,-6.062846749967874121e-02,3.296493390000854729e-01
7.949999999999999289e-01,2.354202695969750403e-01,-5.934907365986433897e-02,3.272184637402819618e-01
7.975000000000000977e-01,2.325341156649368135e-01,-5.807921491281106685e-02,3.247537575027782397e-01
8.000000000000000444e-01,2.296477399943347986e-01,-5.681902329729187490e-02,3.222550901062404827e-01
8.024999999999999911e-01,2.267611801572447239e-01,-5.556863135992618635e-02,3.197223309898698518e-01
8.049999999999999378e-01,2.238744730901743030e-01,-5.432817215666536220e-02,3.171553492100659954e-01
8.075000000000001066e-01,2.209876550860325195e-01,-5.309777925428981610e-02,3.145540134370790608e-01
8.100000000000000533e-01,2.181007617860571957e-01,-5.187758673192029157e-02,3.119181919516470503e-01
8.125000000000000000e-01,2.152138281716959589e-01,-5.066772918254140723e-02,3.092477526416209654e-01
8.149999999999999467e-01,2.123268885564478792e-01,-4.946834171453858009e-02,3.065425629985762956e-01
8.175000000000001155e-01,2.094399765776595035e-01,-4.827955995324831329e-02,3.038024901144125156e-01
8.200000000000000622e-01,2.065531251882783692e-01,-4.710152004252260438e-02,3.010274006779407596e-01
8.225000000000000089e-01,2.036663666485618307e-01,-4.593435864630442816e-02,2.982171609714564520e-01
8.249999999999999556e-01,2.007797325177416714e-01,-4.477821295021894299e-02,2.953716368673011128e-01
8.275000000000001243e-01,1.978932536456452784e-01,-4.363322066317657649e-02,2.924906938244122290e-01
8.300000000000000711e-01,1.950069601642729356e-01,-4.249952001899097442e-02,2.895741968848601355e-01
8.325000000000000178e-01,1.921208814793265440e-01,-4.137724977800860682e-02,2.866220106703718518e-01
8.349999999999999645e-01,1.892350462616985973e-01,-4.026654922875345932e-02,2.836339993788443148e-01
8.375000000000001332e-01,1.863494824389117233e-01,-3.916755818958479046e-02,2.806100267808458448e-01
8.400000000000000799e-01,1.834642171865154825e-01,-3.808041701036905119e-02,2.775499562161042322e-01
8.425000000000000266e-01,1.805792769194348169e-01,-3.700526657416410709e-02,2.744536505899833334e-01
8.449999999999999734e-01,1.776946872832755042e-01,-3.594224829891860817e-02,2.713209723699504528e-01
8.475000000000001421e-01,1.748104731455801530e-01,-3.489150413918487570e-02,2.681517835820282913e-01
8.500000000000000888e-01,1.719266585870421193e-01,-3.385317658784550016e-02,2.649459458072402351e-01
8.525000000000000355e-01,1.690432668926666604e-01,-3.282740867785297750e-02,2.617033201780388785e-01
8.549999999999999822e-01,1.661603205428914820e-01,-3.181434398398462482e-02,2.584237673747288855e-01
8.574999999999999289e-01,1.632778412046552163e-01,-3.081412662461132518e-02,2.551071476218742529e-01
8.600000000000000977e-01,1.603958497224213242e-01,-2.982690126347870008e-02,2.517533206846979121e-01
8.625000000000000444e-01,1.575143661091538416e-01,-2.885281311150427602e-02,2.483621458654703684e-01
8.649999999999999911e-01,1.546334095372431938e-01,-2.789200792858785236e-02,2.449334819998842672e-01
8.674999999999999378e-01,1.517529983293864904e-01,-2.694463202543578156e-02,2.414671874534228824e-01
8.700000000000001066e-01,1.488731499494176658e-01,-2.601083226539975188e-02,2.379631201177153654e-01
8.725000000000000533e-01,1.459938809930902970e-01,-2.509075606633047809e-02,2.344211374068839726e-01
8.750000000000000000e-01,1.431152071788093505e-01,-2.418455140244352500e-02,2.308410962538782751e-01
8.774999999999999467e-01,1.402371433383154398e-01,-2.329236680620217631e-02,2.272228531068026247e-01
8.800000000000001155e-01,1.373597034073192058e-01,-2.241435137021261306e-02,2.235662639252309070e-01
8.825000000000000622e-01,1.344829004160861541e-01,-2.155065474913408705e-02,2.198711841765155217e-01
8.850000000000000089e-01,1.316067464799700326e-01,-2.070142716160379079e-02,2.161374688320813198e-01
8.874999999999999556e-01,1.287312527898976933e-01,-1.986681939217585166e-02,2.123649723637156816e-01
8.900000000000001243e-01,1.258564296028023000e-01,-1.904698279327464785e-02,2.085535487398454679e-01
8.925000000000000711e-01,1.229822862320070487e-01,-1.824206928716318177e-02,2.047030514218083075e-01
8.950000000000000178e-01,1.201088310375551249e-01,-1.745223136792574750e-02,2.008133333601110071e-01
8.974999999999999645e-01,1.172360714164913248e-01,-1.667762210346445881e-02,1.968842469906827708e-01
9.000000000000001332e-01,1.143640137930896777e-01,-1.591839513751164281e-02,1.929156442311179276e-01
9.025000000000000799e-01,1.114926636090311229e-01,-1.517470469165655735e-02,1.889073764769119701e-01
9.050000000000000266e-01,1.086220253135267155e-01,-1.444670556738571372e-02,1.848592945976860469e-01
9.074999999999999734e-01,1.057521023533902343e-01,-1.373455314813924917e-02,1.807712489334070138e-01
9.100000000000001421e-01,1.028828971630569300e-01,-1.303840340138142512e-02,1.766430892905980488e-01
9.125000000000000888e-01,1.000144111545504116e-01,-1.235841288068600594e-02,1.724746649385416331e-01
9.150000000000000355e-01,9.714664470739396707e-02,-1.169473872783633947e-02,1.682658246054739570e-01
9.174999999999999822e-01,9.427959715847049338e-02,-1.104753867494048976e-02,1.640164164747739128e-01
9.199999999999999289e-01,9.141326679182737447e-02,-1.041697104656137685e-02,1.597262881811436219e-01
9.225000000000000977e-01,8.854765082842691593e-02,-9.803194761860714590e-03,1.553952868067815241e-01
9.250000000000000444e-01,8.568274541584409987e-02,-9.206369336759633037e-03,1.510232588775516638e-01
9.274999999999999911e-01,8.281854561790619185e-02,-8.626654886112729292e-03,1.466100503591410420e-01
9.299999999999999378e-01,7.995504540428022278e-02,-8.064212125898022332e-03,1.421555066532151079e-01
9.325000000000001066e-01,7.709223764000337764e-02,-7.519202375420930458e-03,1.376594725935649799e-01
9.350000000000000533e-01,7.423011407495962166e-02,-6.991787559534827501e-03,1.331217924422501697e-01
9.375000000000000000e-01,7.136866533329712381e-02,-6.482130210875032723e-03,1.285423098857322033e-01
9.399999999999999467e-01,6.850788090279193165e-02,-5.990393472108630074e-03,1.239208680310060762e-01
9.425000000000001155e-01,6.564774912415426156e-02,-5.516741098199217340e-03,1.192573094017241597e-01
9.450000000000000622e-01,6.278825718027852831e-02,-5.061337458687106480e-03,1.145514759343171790e-01
9.475000000000000089e-01,5.992939108543382520e-02,-4.624347539984219671e-03,1.098032089741057260e-01
9.499999999999999556e-01,5.707113567439970475e-02,-4.205936947683982033e-03,1.050123492714121337e-01
9.525000000000001243e-01,5.421347459154220866e-02,-3.806271908887297415e-03,1.001787369776637460e-01
9.550000000000000711e-01,5.135639027983306820e-02,-3.425519274542395461e-03,9.530221164149517421e-02
9.575000000000000178e-01,4.849986396980836972e-02,-3.063846521801051864e-03,9.038261220484229697e-02
9.599999999999999645e-01,4.564387566847075139e-02,-2.721421756389185136e-03,8.541977699903621768e-02
9.625000000000001332e-01,4.278840414813061405e-02,-2.398413714993322642e-03,8.041354374089088042e-02
9.650000000000000799e-01,3.993342693518941999e-02,-2.094991767661721557e-03,7.536374952878924227e-02
9.675000000000000266e-01,3.707892029886153407e-02,-1.811325920221484864e-03,7.027023083876376974e-02
9.699999999999999734e-01,3.422485923983691752e-02,-1.547586816710059925e-03,6.513282352057540858e-02
9.725000000000001421e-01,3.137121747888337031e-02,-1.303945741822408987e-03,5.995136279378943805e-02
9.750000000000000888e-01,2.851796744538840148e-02,-1.080574623374069539e-03,5.472568324385023580e-02
9.775000000000000355e-01,2.566508026583800769e-02,-8.776460347786657797e-04,4.945561881814939525e-02
9.799999999999999822e-01,2.281252575223657181e-02,-6.953331975406468364e-04,4.414100282209713899e-02
9.825000000000001510e-01,1.996027239046279517e-02,-5.338099837644095591e-04,3.878166791518743856e-02
9.850000000000000977e-01,1.710828732856583753e-02,-3.932509186775238553e-04,3.337744610706647186e-02
9.875000000000000444e-01,1.425653636499613422e-02,-2.738311831701675521e-04,2.792816875359404802e-02
9.899999999999999911e-01,1.140498393677543375e-02,-1.757266163494043936e-04,2.243366655290815123e-02
9.924999999999999378e-01,8.553593107603450416e-03,-9.911371810884603967e-05,1.689376954148779156e-02
9.950000000000001066e-01,5.702325555900280077e-03,-4.416965171395128875e-05,1.130830709021335943e-02
9.975000000000000533e-01,2.851141562787139552e-03,-1.107224640247151278e-05,5.677107900429557985e-03
1.000000000000000000e+00,0.000000000000000000e+00,0.000000000000000000e+00,0.000000000000000000e+00
